token,count,token_hash
configuration,242,ccd1066343c95
complete,192,d9a22d7a
work,179,67e9
form,175,3fcd
scope,174,31a1f
initiative,152,fef418a4cd
process,128,5075140
Lightship,108,9a6305552
needed,106,c0ca53
attached,99,871e3311
information,99,bb3ccd5881d
applicable,94,35e83f2815
analyst,91,05d5c5d
Complete,89,ae94f80b
created,88,e2fa538
includes,85,bb2b21ef
required,83,ac67ede5
using,81,78cde
manually,73,419e9f18
order,71,70a17
steps,69,fca3f
Tasks,69,ef615
Define,67,9312cc
workspace,55,1629dee48
site,51,98de
task,49,478f
Review,48,457dd5
prepare,46,0ee63cc
new,45,22a
Please,43,deacad
PDF,36,bcd
need,35,e877
following,35,2511fc6cb
team,32,f894
add,31,34e
checklist,29,3164e4b18
would,28,e680a
Add,28,ec2
fields,27,d05b6e
field,27,06e3d
Create,27,686e69
feature,26,518a486
document,26,fdc3bdef
data,26,8d77
make,25,099d
changes,24,5a9d18b
template,24,66f6181b
create,23,76ea0b
updates,22,d05257d
report,22,e98d2f
update,21,3ac340
customer,20,91ec1f93
resources,20,55b558c7e
feedback,20,39652074
approval,19,fb251350
email,19,0c83f
client,19,62608e
forms,19,ac68b
per,18,fe3
Get,18,c55
like,18,be1a
current,18,43b5c91
flow,18,cff5
project,18,46f86fa
completed,17,aa8fb77e5
list,16,10ae
options,16,93da65a
Start,16,a6122
layers,15,aa292f
milestone,15,4802fad13
existing,15,f4e0ac58
planning,15,98ded198
Refer,15,e656f
include,15,d436eb0
automation,15,205d64ff9b
ensure,15,d00413
search,15,06a943
submitted,15,410d98939
user,14,ee11
Make,14,529a
Configure,14,f1206f9fa
name,14,b068
workspaces,13,8944f8348a
Update,13,069330
Form,13,d359
additional,13,15610cc266
review,13,1c6766
automations,13,3190ccd3cf0
questions,13,478669c7f
incident,13,3e072748
see,13,1e8
time,12,07cc
use,12,5ef
tasks,12,2cb1a
Excel,12,c1d81
question,12,5494af1f
notifications,12,f37bd2f66651e
notification,12,0cfd653d5d3e
match,12,e3cc9
date,11,5fc7
Response,11,d64ed3e9
added,11,b60ed
updated,11,0f81d52
able,11,c0db
show,11,a7dd
entries,11,5fce916
ER,11,1b
selected,11,ef7de3f4
currently,10,ac7257684
option,10,ef3e30
file,10,8c7d
link,10,2a30
request,10,10573b8
ability,10,424dbe5
set,10,cda
Referral,10,e2c51c02
available,10,e4894ca16
Change,10,f4ec5f
code,10,c133
Use,10,ad8
upload,10,76ee3d
shapefiles,10,d67cc5c828
also,10,07cc
based,10,a66db
Users,10,f9aae
type,10,599d
remove,10,0f6969
Initial,10,4f2a91e
Daily,10,c512b
Inspection,10,b4faa7ed95
reports,10,a844571
doc,9,9a0
users,9,9bc65
Assessment,9,29a9929895
BC,9,f8
map,9,1d7
dataset,9,3c4d09e
automatically,9,b789f36b39d0c
populate,9,e679aa86
demo,9,fe01
submission,9,0f710bba8d
service,9,aaabf0d
possible,9,6fcc4b7d
please,9,6050ce
See,9,4ff
response,9,d1fc8eaf
inventory,9,7a1eabc3d
vehicle,8,5a76e81
one,8,f97
change,8,eb399b
confirm,8,d0cf705
templates,8,fed36e93a
features,8,9f034b63
initial,8,cc51b81
edit,8,de95
requested,8,67a14a21b
used,8,1aec
Management,8,fe4dbcab9b
example,8,1a79a4d
needs,8,35ea8
meeting,8,d487881
sent,8,7891
job,8,9dd
account,8,e268443
items,8,691d5
status,8,9acb44
along,8,66c25
text,8,1cb2
re,8,12
called,7,4f3325
Number,7,b2ee91
Request,7,15c2d85
outlined,7,57ae3ac1
Activation,7,a9a62e7084
processes,7,530968b20
pdf,7,437
two,7,b8a
Yes,7,93c
ls,7,44
send,7,2541
shapefile,7,1039cc79b
communicated,7,39cec34be431
Duncan,7,f9f6d5
management,7,d10af457da
revise,7,572c00
Hydro,7,d3927
number,7,b1bc24
assigned,7,5d98fe9a
us,7,0b
well,7,f932
equipment,7,d33461675
address,7,884d980
Set,7,5d5
jobs,6,27a0
record,6,de17f0
hours,6,73cdd
Report,6,4b1b4d
plot,6,32fa
actions,6,ebb67a4
teams,6,8fd6f
ticket,6,cdfee2
done,6,6b2d
want,6,a318
descriptor,6,da3f6396c0
inspection,6,0c985ebf7e
could,6,f0441
default,6,c21f969
basemap,6,b7f9383
Team,6,ac84
entry,6,1043b
discuss,6,cb41ecf
activation,6,24eed33ee3
Maintenance,6,10d0de28911
people,6,12a032
Notes,6,f4c6f
first,6,8b04d
copy,6,12cb
already,6,1ebf4e5
repeatable,6,118fe1e8ca
details,6,2779294
select,6,999382
looking,6,f8905f5
maintenance,6,57cb773ae7a
live,6,d0db
many,6,8cd2
respond,6,34d5ac5
config,6,224502
within,6,60df9e
Need,6,a56a
provided,6,1f5f6080
provide,6,a4f550d
go,6,34
asset,5,c04e3
conditional,5,715387e1ada
ID,5,b7
facility,5,eaaa42a1
UI,5,71
capture,5,d7ba9bb
answer,5,a363b8
April,5,3fcf0
Move,5,6bc3
layer,5,f56b5
query,5,1b1cc
every,5,83ab9
referral,5,cd9bcdcb
know,5,af9d
New,5,03c
section,5,73d5342
duplicate,5,24f1b0a79
may,5,9a4
description,5,67daf92c833
Open,5,c3bf
call,5,53b9
Time,5,a76d
Basics,5,bbc910
follow,5,a40109
support,5,434990c
source,5,36cd38
pull,5,f43d
submit,5,c79bdf
Indigenous,5,0617f9f0e9
test,5,098f
Link,5,97e7
let,5,e16
local,5,f5dda
sheet,5,7b038
Service,5,c2ba7e7
PDFs,5,7666
File,5,0b27
spreadsheet,5,28e6994ddf0
automated,5,a434f46aa
Name,5,49ee
reference,5,b8af13ea9
tire,5,7ae7
setup,5,a0f84
daily,5,bea79
Coordinate,5,c7c60dd55c
Lead,5,a745
links,5,80776
area,5,4b82
Action,5,004bf6
replace,5,9dde360
Quiz,5,ab45
context,5,5c18ef7
Incident,5,124617f0
inspections,5,c445f9a2296
trigger,5,c7d08e0
Letter,5,17a53d
location,5,d5189de0
including,5,7b7813f00
schedules,5,70ec15bf6
etc,5,e80
access,5,9df3b0
Incidents,5,515b059a6
meet,5,df42
